{
  "categories_list": {
    "featured": [],
    "random": 6,
    "full_width": false
  },
  "menu_all_departments": false,
  "centralized_logo": false,
  "marketing_stripe": {
    "text": "FRETE GRÁTIS NAS COMPRAS ACIMA DE R$ 200 REAIS",
    "link": "/blusas/"
  },
  "alphabetical_order_submenu": false,
  "name_all_departments": "",
  "search_input": true,
  "desktop_megamenu": false,
  "full_width_submenu": false,
  "contacts_stripe": {
    "pages": [],
    "phone_wpp": true,
    "socials": true
  }
}