{
  "meta_title": "",
  "meta_description": "",
  "sections": [
    {
      "type": "banner-slider",
      "autoplay": 3000,
      "full_width": false,
      "slides": [
        {
          "start": "",
          "end": "",
          "img": "/img/uploads/8-anos.jpg"
        },
        {
          "start": "",
          "end": "2025-04-30T03:00:00.000Z",
          "img": "/img/uploads/pascoa.jpg"
        },
        {
          "start": "",
          "end": "",
          "img": "/img/uploads/blusas.png"
        }
      ]
    },
    {
      "autoplay": 4000,
      "page": 1,
      "title": "Camisas Masculinas",
      "shuffle": true,
      "headless": false,
      "type": "collection-shelf",
      "link": "https://lojasvicenttino.com.br/camisas-masculinas",
      "limit": 12,
      "collection_id": "68079988ef51eb1c90d90ccc:categories:Camisas Masculinas:/camisas-masculinas/",
      "sort": "offers"
    },
    {
      "type": "shelfs-nav",
      "shuffle": true,
      "limit": 12,
      "page": 1,
      "collection_ids": [
        "6807998eef51eb1c90d90cde:categories:Camisas Femininas:/camisas-femininas/"
      ],
      "sort": "offers",
      "autoplay": 4000,
      "shelfs_title": "Camisas Femininas"
    },
    {
      "type": "shelfs-nav",
      "shuffle": true,
      "limit": 12,
      "page": 1,
      "collection_ids": [
        "6807998def51eb1c90d90cd9:categories:Blusas:/blusas/"
      ],
      "autoplay": 4000,
      "sort": "offers",
      "shelfs_title": "Blusas Femininas"
    },
    {
      "type": "shelfs-nav",
      "shuffle": true,
      "limit": 8,
      "page": 1,
      "collection_ids": [
        "68079992ef51eb1c90d90cef:categories:Saias:/saias/"
      ],
      "sort": "offers",
      "autoplay": 4000,
      "shelfs_title": "Saias"
    }
  ]
}